City_ID,City,Cloudiness,Country,Date,Humidity,Lat,Lng,Max Temp,Wind Speed
0,nizhnyaya omka,28,RU,1598326168,85,55.43,74.94,55.11,8.43
1,neyshabur,0,IR,1598326168,49,36.21,58.8,63.86,2.19
2,kangaatsiaq,100,GL,1598326168,90,68.31,-53.46,44.06,5.03
3,merauke,52,ID,1598326168,62,-8.47,140.33,81.86,18.01
4,cape town,100,ZA,1598326168,93,-33.93,18.42,48.2,5.82
5,jamestown,40,US,1598326168,78,42.1,-79.24,71.6,4.7
6,mar del plata,90,AR,1598326168,93,-38.0,-57.56,54.0,5.82
7,yellowknife,75,CA,1598325929,82,62.46,-114.35,55.99,10.29
8,rikitea,0,PF,1598326168,89,-23.12,-134.97,71.83,11.9
9,saint george,1,US,1598326167,16,37.1,-113.58,96.01,2.62
10,fort nelson,75,CA,1598326169,93,58.81,-122.7,55.4,1.61
11,busselton,59,AU,1598326021,47,-33.65,115.33,66.99,5.06
12,touros,0,BR,1598326169,94,-5.2,-35.46,71.6,3.36
13,komsomolskiy,6,UZ,1598326021,30,40.43,71.72,80.6,2.24
14,peterhead,75,GB,1598326021,93,57.51,-1.8,50.0,3.36
15,ekuvukeni,0,ZA,1598326169,58,-28.47,30.16,47.71,1.03
16,nabire,92,ID,1598325907,61,-3.37,135.48,86.34,5.39
17,albany,1,US,1598326159,82,42.6,-73.97,73.0,1.01
18,killin,1,US,1598326169,78,33.61,-91.74,78.8,6.06
19,praia,40,CV,1598326169,83,14.92,-23.51,78.8,3.36
20,micheweni,62,TZ,1598326169,82,-4.97,39.83,75.25,10.29
21,kahului,40,US,1598325876,52,20.89,-156.47,87.8,21.92
22,mataura,69,NZ,1598326169,68,-46.19,168.86,46.0,15.99
23,avarua,63,CK,1598326169,69,-21.21,-159.78,75.2,12.75
24,turukhansk,83,RU,1598326169,68,65.82,87.98,63.28,8.97
25,poum,91,NC,1598326022,77,-20.23,164.02,71.37,15.17
26,grajau,20,BR,1598326169,53,-5.82,-46.14,75.49,3.38
27,arraial do cabo,19,BR,1598326022,70,-22.97,-42.03,66.56,12.86
28,dikson,99,RU,1598326169,87,73.51,80.55,47.88,7.07
29,barrow,90,US,1598325901,81,71.29,-156.79,44.6,4.7
30,makubetsu,75,JP,1598326170,73,45.37,141.82,75.2,8.05
31,punta arenas,0,CL,1598326170,86,-53.15,-70.92,32.0,9.17
32,faya,29,SA,1598326156,60,18.39,42.45,69.8,5.39
33,ushuaia,40,AR,1598325910,90,-54.8,-68.3,32.0,4.29
34,victoria,1,HK,1598326006,59,22.29,114.16,93.0,11.01
35,benguela,99,AO,1598326170,82,-12.58,13.41,71.1,1.28
36,kaitangata,37,NZ,1598326023,59,-46.28,169.85,44.01,8.01
37,hamilton,20,US,1598326023,78,39.18,-84.53,79.0,5.82
38,port alfred,99,ZA,1598326170,88,-33.59,26.89,62.22,17.83
39,sao felix do xingu,80,BR,1598326170,80,-6.64,-51.99,73.65,1.9
40,vao,0,NC,1598326023,64,-22.67,167.48,69.19,13.09
41,auki,56,SB,1598326023,67,-8.77,160.7,85.28,2.55
42,tuktoyaktuk,20,CA,1598326157,87,69.45,-133.04,53.6,8.05
43,ostrovnoy,14,RU,1598326170,81,68.05,39.51,52.79,10.78
44,new norfolk,58,AU,1598326023,76,-42.78,147.06,55.0,1.99
45,erzin,0,TR,1598326170,72,36.96,36.2,73.99,1.34
46,cabo san lucas,0,MX,1598325959,70,22.89,-109.91,82.99,3.0
47,gunjur,40,GM,1598326170,94,13.2,-16.73,78.8,8.61
48,thanh hoa,87,VN,1598325876,61,19.8,105.77,89.46,3.96
49,ribeira grande,67,PT,1598326170,92,38.52,-28.7,73.69,13.53
50,kruisfontein,100,ZA,1598326171,88,-34.0,24.73,57.0,1.01
51,verkhnyaya inta,100,RU,1598326171,66,65.98,60.31,55.76,2.77
52,grindavik,20,IS,1598326153,100,63.84,-22.43,42.8,6.93
53,honiara,20,SB,1598326171,66,-9.43,159.95,87.8,9.17
54,margate,100,GB,1598326171,94,51.38,1.39,64.0,4.0
55,lorengau,72,PG,1598326171,80,-2.02,147.27,82.31,11.14
56,kodiak,1,US,1598326171,48,57.79,-152.41,64.4,13.87
57,agde,11,FR,1598326024,77,43.31,3.48,63.0,4.7
58,birnin kebbi,100,NG,1598326171,95,12.45,4.2,71.91,6.2
59,sisimiut,64,GL,1598326171,82,66.94,-53.67,43.72,4.25
60,muravlenko,29,RU,1598326171,84,63.79,74.52,54.57,8.66
61,hithadhoo,92,MV,1598326024,66,-0.6,73.08,83.28,2.19
62,waipawa,28,NZ,1598326171,67,-41.41,175.52,57.99,14.99
63,esperance,39,AU,1598326171,77,-33.87,121.9,60.8,6.93
64,nikolskoye,26,RU,1598326025,87,59.7,30.79,55.4,6.71
65,hilo,75,US,1598326171,65,19.73,-155.09,82.4,5.82
66,pangkalanbuun,6,ID,1598326171,68,-2.68,111.62,85.42,5.68
67,kyaikkami,100,MM,1598326171,83,16.08,97.57,81.32,6.58
68,puerto ayora,80,EC,1598326152,89,-0.74,-90.35,64.99,9.51
69,atuona,14,PF,1598326025,77,-9.8,-139.03,78.39,14.63
70,lebu,99,CL,1598326171,90,-37.62,-73.65,52.2,21.59
71,hobart,40,AU,1598326096,54,-42.88,147.33,55.0,13.87
72,lagoa,57,PT,1598326025,92,39.05,-27.98,73.51,19.39
73,kangalassy,0,RU,1598326171,33,62.35,129.96,59.0,8.95
74,yinchuan,84,CN,1598326171,24,38.47,106.27,82.92,10.2
75,mahebourg,75,MU,1598326158,73,-20.41,57.7,69.8,11.41
76,san policarpo,51,PH,1598326171,68,12.18,125.51,86.4,7.09
77,los llanos de aridane,14,ES,1598326171,83,28.66,-17.92,77.0,16.11
78,burns lake,19,CA,1598326025,81,54.23,-125.75,53.73,3.83
79,fortuna,20,US,1598326026,100,40.6,-124.16,57.99,8.05
80,biltine,99,TD,1598325963,78,14.53,20.92,77.58,6.11
81,teahupoo,20,PF,1598326172,65,-17.83,-149.27,82.4,9.17
82,bambous virieux,75,MU,1598326172,73,-20.34,57.76,69.8,11.41
83,vaini,20,TO,1598326172,78,-21.2,-175.2,78.8,8.05
84,san cristobal,99,VE,1598326172,91,7.77,-72.22,65.7,2.28
85,shimoda,20,JP,1598326172,70,34.67,138.95,84.2,12.75
86,laguna,1,US,1598326026,42,38.42,-121.42,84.99,8.05
87,cananeia,0,BR,1598326172,80,-25.01,-47.93,60.8,2.46
88,butaritari,100,KI,1598326172,71,3.07,172.79,82.09,8.7
89,bluff,49,NZ,1598326154,68,-46.6,168.33,46.0,15.99
90,hermanus,100,ZA,1598326172,91,-34.42,19.23,50.0,6.78
91,ahipara,14,NZ,1598326153,74,-35.17,173.17,58.77,18.3
92,tuatapere,95,NZ,1598326172,68,-46.13,167.68,46.0,15.99
93,provideniya,75,RU,1598326026,76,64.38,-173.3,55.4,8.95
94,gondanglegi,0,ID,1598326027,50,-7.75,112.01,87.73,6.71
95,havre-saint-pierre,90,CA,1598326027,93,50.23,-63.6,51.8,3.36
96,maragogi,0,BR,1598326153,75,-9.01,-35.22,70.3,3.51
97,norman wells,40,CA,1598326172,63,65.28,-126.83,64.4,4.7
98,klaksvik,68,FO,1598326172,100,62.23,-6.59,39.2,1.12
99,nanortalik,82,GL,1598326027,86,60.14,-45.24,42.78,7.85
100,bethel,1,US,1598326151,83,41.37,-73.41,73.99,3.36
101,lavrentiya,92,RU,1598326027,88,65.58,-171.0,48.81,4.0
102,cidreira,58,BR,1598326153,77,-30.18,-50.21,62.13,23.15
103,dhule,85,IN,1598326172,72,20.9,74.78,81.18,15.66
104,mikuni,40,JP,1598326173,62,36.22,136.15,89.6,8.05
105,piet retief,0,ZA,1598326172,51,-27.01,30.81,48.15,4.05
106,ulaanbaatar,75,MN,1598326173,62,47.91,106.88,59.0,3.96
107,upernavik,100,GL,1598326173,89,72.79,-56.15,42.8,2.28
108,havoysund,75,NO,1598326173,100,71.0,24.66,46.4,21.92
109,cristalina,0,BR,1598326173,71,-16.77,-47.61,57.54,8.08
110,guerrero negro,0,MX,1598326173,80,27.98,-114.06,73.74,18.66
111,rawson,3,AR,1598326166,78,-43.3,-65.1,45.34,22.41
112,ulety,68,RU,1598326027,67,51.36,112.48,61.88,4.32
113,cadillac,40,US,1598326169,88,44.25,-85.4,71.6,4.7
114,noyabrsk,93,RU,1598326173,91,63.2,75.45,54.12,9.82
115,ilulissat,85,GL,1598326173,93,69.22,-51.1,39.2,0.96
116,asyut,0,EG,1598326173,49,27.18,31.18,73.4,6.93
117,tasiilaq,10,GL,1598326173,85,65.61,-37.64,37.4,3.33
118,arman,0,RU,1598326028,49,59.7,150.17,54.7,6.04
119,oudtshoorn,100,ZA,1598326173,100,-33.59,22.2,48.2,3.36
120,darovskoy,99,RU,1598326173,88,58.77,47.96,60.42,7.83
121,pangnirtung,100,CA,1598326173,84,66.15,-65.71,45.03,3.18
122,high level,90,CA,1598325980,100,58.52,-117.14,55.4,9.17
123,toguchin,60,RU,1598326174,75,55.24,84.39,59.83,4.23
124,rudnik,100,PL,1598326174,93,49.85,19.85,59.0,2.24
125,maracacume,1,BR,1598326174,97,-2.04,-45.96,71.37,2.64
126,castro,39,BR,1598326174,94,-24.79,-50.01,48.92,9.64
127,khatanga,33,RU,1598326160,58,71.97,102.5,65.07,6.46
128,talnakh,40,RU,1598326028,77,69.49,88.4,62.6,11.18
129,ancud,75,CL,1598326165,93,-41.87,-73.82,42.01,6.93
130,chokurdakh,80,RU,1598326174,62,70.63,147.92,43.12,5.91
131,sabalgarh,8,IN,1598326174,79,26.25,77.4,81.61,10.96
132,san jose,75,US,1598325935,68,37.34,-121.89,75.99,13.87
133,walvis bay,5,NA,1598326174,93,-22.96,14.51,55.0,4.7
134,kapaa,20,US,1598326174,74,22.08,-159.32,82.4,11.41
135,kirakira,15,SB,1598326029,68,-10.45,161.92,85.28,6.85
136,havelock,1,US,1598326174,83,34.88,-76.9,81.0,9.17
137,tomatlan,20,MX,1598326174,90,19.93,-105.25,77.23,2.8
138,pringsewu,91,ID,1598326174,67,-5.36,104.97,83.77,4.79
139,yenagoa,71,NG,1598326174,90,4.92,6.26,72.21,2.68
140,damghan,52,IR,1598326029,55,36.17,54.35,64.31,4.47
141,riviere-au-renard,75,CA,1598326174,87,49.0,-64.4,51.8,7.11
142,la ronge,40,CA,1598326174,87,55.1,-105.28,55.4,6.93
143,sakakah,0,SA,1598326174,19,29.97,40.21,80.6,5.82
144,krasnoborsk,47,RU,1598325921,95,61.56,45.93,56.08,5.44
145,bredasdorp,100,ZA,1598326175,93,-34.53,20.04,50.0,5.82
146,sur,93,OM,1598326175,77,22.57,59.53,79.65,12.35
147,marystown,19,CA,1598326175,100,47.17,-55.15,57.0,6.44
148,uzhur,30,RU,1598326175,75,55.3,89.83,58.82,4.38
149,loharu,0,IN,1598326175,70,28.45,75.82,84.24,9.22
150,thompson,90,CA,1598326175,81,55.74,-97.86,50.0,6.93
151,trenggalek,44,ID,1598326030,62,-8.05,111.72,83.66,6.71
152,saint-philippe,42,RE,1598326168,55,-21.36,55.77,69.8,6.93
153,danville,1,US,1598326144,88,36.59,-79.39,75.0,8.05
154,nago,40,JP,1598326030,84,26.59,127.98,86.0,17.22
155,alice springs,0,AU,1598325908,11,-23.7,133.88,84.2,10.29
156,qaanaaq,100,GL,1598326175,91,77.48,-69.36,34.09,8.1
157,jerome,1,US,1598326176,32,42.72,-114.52,80.6,6.93
158,necochea,100,AR,1598325902,87,-38.55,-58.74,55.99,1.99
159,jiangyou,0,CN,1598326176,62,31.77,104.72,81.59,4.68
160,ucluelet,0,CA,1598326104,84,48.93,-125.55,61.0,5.39
161,carnarvon,0,AU,1598326030,60,-24.87,113.63,69.8,18.34
162,beyneu,84,KZ,1598326176,39,45.32,55.2,70.72,5.26
163,dauriya,28,RU,1598326176,59,49.93,116.87,65.08,13.02
164,alofi,75,NU,1598326149,65,-19.06,-169.92,80.6,10.29
165,salalah,90,OM,1598326176,100,17.02,54.09,75.2,8.05
166,clyde river,89,CA,1598326152,89,70.47,-68.59,39.79,7.49
167,hirara,75,JP,1598326176,79,24.8,125.28,87.8,20.8
168,vanavara,99,RU,1598326176,52,60.34,102.28,60.98,7.45
169,saskylakh,94,RU,1598326176,50,71.92,114.08,57.33,15.17
170,rockland,4,US,1598326177,77,41.17,-74.05,77.0,5.53
171,spornoye,47,RU,1598326031,72,50.84,37.29,59.0,4.47
172,tecate,27,MX,1598326031,61,32.57,-116.63,82.0,6.93
173,severo-kurilsk,21,RU,1598326177,72,50.68,156.12,56.14,1.36
174,aykhal,68,RU,1598326177,33,66.0,111.5,59.0,4.47
175,padang,59,ID,1598326177,60,-0.95,100.35,85.73,1.74
176,ha giang,64,VN,1598326031,58,22.83,104.98,91.8,1.59
177,tongliao,69,CN,1598326031,39,43.61,122.27,88.36,9.31
178,vestmannaeyjar,75,IS,1598326177,77,63.44,-20.27,51.01,5.28
179,bayan,92,CN,1598326177,57,46.08,127.4,80.01,7.85
180,mattru,94,SL,1598326177,95,7.62,-11.83,72.05,3.58
181,chuy,33,UY,1598326178,88,-33.7,-53.46,57.0,12.06
182,gimli,45,CA,1598326178,99,50.63,-96.99,70.0,12.21
183,kautokeino,100,NO,1598326178,88,69.01,23.04,46.71,3.76
184,mogadishu,58,SO,1598326160,87,2.04,45.34,76.24,12.3
185,revelstoke,1,CA,1598326178,77,50.98,-118.2,60.8,9.17
186,kamyshin,0,RU,1598326032,46,50.1,45.42,63.41,7.74
187,coron,79,PH,1598326178,67,12.0,120.2,86.56,6.02
188,isabela,20,PH,1598326178,70,6.71,121.97,87.8,4.7
189,husavik,0,IS,1598325925,78,66.04,-17.34,33.8,0.81
190,tiarei,20,PF,1598326178,65,-17.53,-149.33,82.4,9.17
191,santa ines,0,BR,1598326032,93,-3.67,-45.38,71.64,3.98
192,hofn,90,IS,1598326178,93,64.25,-15.21,44.6,3.36
193,katobu,56,ID,1598326178,52,-4.94,122.53,86.05,8.68
194,lata,75,PT,1598326178,100,40.16,-8.33,64.99,3.36
195,uvira,96,CD,1598326178,49,-3.41,29.15,72.77,2.15
196,kasongo,70,CD,1598326032,84,-4.45,26.67,70.03,2.37
197,gat,0,IL,1598326179,38,31.61,34.76,75.99,2.04
198,wanning,39,CN,1598326179,65,18.8,110.4,89.1,12.84
199,abu samrah,0,SY,1598326032,52,35.3,37.18,69.24,5.14
200,carlos chagas,10,BR,1598326179,74,-17.7,-40.77,60.84,3.31
201,port elizabeth,90,ZA,1598326032,93,-33.92,25.57,60.8,13.87
202,shrigonda,71,IN,1598326179,79,18.62,74.68,76.01,9.08
203,ambilobe,1,MG,1598326033,81,-13.2,49.05,66.47,3.67
204,east london,100,ZA,1598326179,78,-33.02,27.91,62.37,12.55
205,singaraja,0,ID,1598326033,52,-8.11,115.09,85.64,2.82
206,prabumulih,99,ID,1598326033,58,-3.45,104.25,85.3,7.29
207,castrovillari,19,IT,1598326033,67,39.82,16.21,71.01,6.2
208,novoagansk,100,RU,1598326033,78,61.94,76.66,57.06,1.21
209,labuhan,0,ID,1598326033,53,-6.88,112.21,86.63,10.8
210,kloulklubed,90,PW,1598326022,70,7.04,134.26,86.0,11.41
211,nuuk,65,GL,1598326169,87,64.18,-51.72,42.8,6.93
212,whitehorse,75,CA,1598326051,87,60.72,-135.05,55.4,4.7
213,kuloy,12,RU,1598326180,96,61.03,42.49,53.89,5.86
214,yabrud,0,SY,1598326180,67,33.97,36.66,62.6,0.49
215,huarmey,14,PE,1598326180,84,-10.07,-78.15,60.39,7.81
216,avera,90,US,1598326180,96,33.19,-82.53,75.2,4.7
217,veraval,40,IN,1598326033,81,20.9,70.37,82.63,20.87
218,castleford,75,GB,1598326180,100,53.73,-1.36,57.99,5.82
219,colombo,20,LK,1598326180,79,6.93,79.85,84.2,4.7
220,chikwawa,26,MW,1598326180,61,-16.03,34.8,69.19,1.61
221,agirish,100,RU,1598326034,83,61.92,63.02,53.22,4.09
222,flinders,53,AU,1598326034,56,-34.58,150.86,60.01,5.68
223,upleta,99,IN,1598326180,83,21.73,70.28,80.91,16.67
224,petropavlovsk-kamchatskiy,68,RU,1598326180,48,53.05,158.65,66.2,11.18
225,juarez,20,MX,1598326156,21,31.73,-106.48,90.0,9.17
226,saint-paul-les-dax,12,FR,1598326071,96,43.73,-1.05,62.01,4.16
227,manokwari,36,ID,1598326180,66,-0.87,134.08,84.16,5.64
228,kurilsk,100,RU,1598326181,82,45.23,147.88,64.49,6.44
229,sangar,0,RU,1598326181,34,63.92,127.47,59.29,2.53
230,ipixuna,28,BR,1598326181,88,-1.76,-48.8,77.0,6.93
231,namatanai,48,PG,1598326181,66,-3.67,152.43,84.9,5.37
232,portland,1,US,1598325358,49,45.52,-122.68,72.0,8.05
233,lasa,52,IT,1598326181,100,46.62,10.7,51.01,2.24
234,dingle,72,PH,1598326034,70,11.0,122.67,87.33,8.63
235,beringovskiy,45,RU,1598326181,75,63.05,179.32,52.39,6.62
236,caravelas,0,BR,1598326181,79,-17.71,-39.25,67.78,9.46
237,libreville,75,GA,1598326181,94,0.39,9.45,75.2,1.12
238,limbang,75,MY,1598325994,70,4.75,115.0,89.6,3.36
239,zyryanka,86,RU,1598326034,52,65.75,150.85,47.88,4.97
240,georgetown,20,MY,1598326181,70,5.41,100.34,89.6,3.36
241,takaka,38,NZ,1598326181,70,-40.85,172.8,61.0,4.0
242,constantine,0,DZ,1598326034,77,36.37,6.61,64.4,2.24
243,yelizovo,29,RU,1598326182,48,53.19,158.38,66.2,11.18
244,torbay,5,CA,1598326034,93,47.67,-52.73,55.0,8.05
245,soyo,76,AO,1598326182,90,-6.13,12.37,72.68,4.92
246,coremas,0,BR,1598326182,55,-7.01,-37.95,71.67,2.44
247,juneau,90,US,1598325920,93,58.3,-134.42,55.99,9.17
248,buala,3,SB,1598326182,68,-8.14,159.59,85.23,5.75
249,cherskiy,100,RU,1598326035,94,68.75,161.3,39.99,3.33
250,sahuaripa,8,MX,1598326035,38,29.05,-109.23,83.68,7.43
251,sydney,20,AU,1598325890,58,-33.87,151.21,62.01,9.17
252,xining,0,CN,1598326182,43,36.62,101.77,66.02,2.66
253,kabala,89,SL,1598326182,99,9.58,-11.55,68.0,3.02
254,shirvan,0,AZ,1598326182,58,39.95,48.9,66.27,4.05
255,saint-francois,70,FR,1598326182,93,46.42,3.91,50.0,2.24
256,bull savanna,100,JM,1598326035,90,17.89,-77.59,77.52,8.61
257,san patricio,17,MX,1598326183,85,19.22,-104.7,79.79,4.25
258,maoming,14,CN,1598326183,74,21.65,110.9,87.94,9.6
259,gambela,73,ET,1598326183,84,8.25,34.58,70.02,1.25
260,ponta do sol,20,PT,1598326035,73,32.67,-17.1,71.6,16.11
261,sembe,100,CG,1598326183,94,1.65,14.58,69.55,1.39
262,santa rosalia,0,MX,1598326183,51,27.32,-112.28,89.47,3.94
263,abu road,100,IN,1598326183,88,24.48,72.78,76.89,11.97
264,deputatskiy,100,RU,1598326036,81,69.3,139.9,35.58,7.52
265,delvada,35,IN,1598326183,81,20.77,71.03,82.13,18.41
266,la crosse,1,US,1598326183,83,43.8,-91.24,79.0,4.7
267,sinjar,0,IQ,1598326184,24,36.32,41.88,71.92,4.38
268,isangel,75,VU,1598326159,83,-19.55,169.27,78.8,9.17
269,honningsvag,75,NO,1598326184,81,70.98,25.97,50.0,13.87
270,san quintin,5,MX,1598326184,85,30.48,-115.95,72.82,12.82
271,ibimirim,0,BR,1598326036,89,-8.54,-37.69,66.18,12.12
272,taltal,0,CL,1598326154,71,-25.4,-70.48,51.04,0.6
273,victor harbor,0,AU,1598326184,62,-35.57,138.62,55.0,1.01
274,constitucion,61,CL,1598326184,86,-35.33,-72.42,52.02,23.76
275,longyearbyen,20,SJ,1598326184,69,78.22,15.64,37.4,6.93
276,port lincoln,8,AU,1598326184,62,-34.73,135.87,55.98,11.92
277,milos,0,GR,1598326184,83,36.75,24.43,71.6,4.7
278,jalu,0,LY,1598326184,56,29.03,21.55,74.7,6.67
279,luderitz,0,NA,1598326036,87,-26.65,15.16,53.65,7.67
280,miraflores,90,MX,1598326184,77,19.22,-98.81,62.6,6.93
281,anadyr,75,RU,1598326185,76,64.75,177.48,53.6,13.42
282,mayo,1,US,1598326185,83,38.89,-76.51,79.0,6.93
283,alta,13,NO,1598326185,76,69.97,23.27,48.2,9.17
284,seydisehir,0,TR,1598326185,37,37.42,31.85,57.16,2.08
285,muros,9,ES,1598326175,89,42.78,-9.06,55.99,1.01
286,leningradskiy,100,RU,1598326150,90,69.38,178.42,42.58,9.71
287,yurty,1,RU,1598326185,70,56.05,97.63,62.67,3.49
288,changji,97,CN,1598326185,24,44.02,87.32,89.6,13.42
289,nara,20,JP,1598326037,50,34.69,135.8,97.0,8.05
290,oeiras,14,BR,1598326185,45,-7.03,-42.13,77.61,7.16
291,coahuayana,94,MX,1598326037,83,18.73,-103.68,79.75,2.13
292,nome,90,US,1598326037,76,64.5,-165.41,55.4,8.05
293,polovinnoye,11,RU,1598326185,81,54.79,65.99,55.87,7.36
294,airai,0,TL,1598326037,41,-8.93,125.41,73.26,7.16
295,meulaboh,0,ID,1598326185,68,4.14,96.13,85.3,3.09
296,batagay-alyta,50,RU,1598326185,57,67.8,130.41,44.71,3.04
297,pershotravneve,100,UA,1598326186,92,51.39,28.87,58.41,0.47
298,lipin bor,13,RU,1598326037,90,60.26,37.98,56.55,11.52
299,ust-maya,11,RU,1598326186,42,60.42,134.53,57.0,5.26
300,olafsvik,0,IS,1598326186,81,64.89,-23.71,48.0,2.46
301,buckeye,75,US,1598326186,19,33.37,-112.58,105.8,9.17
302,diego de almagro,0,CL,1598326186,86,-26.37,-70.05,40.91,2.19
303,dalby,0,AU,1598326186,32,-27.18,151.27,64.4,14.99
304,biak,25,ID,1598326038,72,-0.91,122.88,81.23,10.13
305,waingapu,0,ID,1598326186,44,-9.66,120.26,85.71,17.47
306,vostok,100,RU,1598326187,100,46.49,135.88,56.91,4.27
307,sulangan,30,PH,1598326038,74,11.14,123.72,84.6,9.17
308,faanui,10,PF,1598326187,81,-16.48,-151.75,77.47,17.02
309,tilichiki,98,RU,1598326187,51,60.47,166.1,50.52,17.67
310,nandyal,100,IN,1598326187,76,15.48,78.48,80.69,7.83
311,chifeng,93,CN,1598326187,30,42.27,118.96,85.44,10.56
312,port-gentil,100,GA,1598326038,78,-0.72,8.78,75.96,9.37
313,noumea,0,NC,1598326143,53,-22.28,166.46,75.2,13.87
314,parana,100,AR,1598326187,57,-31.73,-60.52,72.0,5.99
315,acapulco,100,MX,1598326157,82,16.86,-99.89,79.12,2.64
316,cukai,40,MY,1598326188,70,4.25,103.42,87.8,6.93
317,aswan,0,EG,1598326188,24,24.09,32.91,82.9,6.42
318,tomohon,20,ID,1598326188,52,1.33,124.84,91.4,4.7
319,tukums,20,LV,1598326188,93,56.97,23.16,51.8,6.93
320,saldanha,4,ZA,1598326039,87,-33.01,17.94,44.6,2.24
321,pisco,14,PE,1598326160,87,-13.7,-76.22,62.01,16.11
322,grenada,93,ES,1598326188,77,37.19,-3.61,70.0,1.34
323,chapleau,32,CA,1598326188,96,47.84,-83.4,59.11,3.89
324,quatre cocos,75,MU,1598326039,73,-20.21,57.76,69.8,11.41
325,aasiaat,100,GL,1598326188,93,68.71,-52.87,39.85,2.64
326,phonhong,40,LA,1598326039,66,18.5,102.42,87.8,2.24
327,bilma,43,NE,1598326188,41,18.69,12.92,89.91,6.64
328,katsuura,20,JP,1598326188,70,35.13,140.3,91.0,10.29
329,harper,85,LR,1598326188,83,4.38,-7.72,74.97,9.42
330,brive-la-gaillarde,92,FR,1598326039,95,45.25,1.5,55.0,3.0
331,uvalde,1,US,1598325893,51,29.37,-99.77,84.2,5.82
332,preeceville,0,CA,1598326189,76,51.95,-102.67,57.67,15.28
333,palora,65,EC,1598326189,94,-1.7,-77.93,66.09,2.21
334,pathein,100,MM,1598326189,83,16.78,94.73,82.24,10.8
335,klitos,20,GR,1598326039,77,40.43,21.87,75.0,4.7
336,charters towers,20,AU,1598326040,28,-20.1,146.27,77.18,10.58
337,bima,2,ID,1598326189,32,-8.47,118.72,95.47,5.5
338,goderich,76,CA,1598326040,84,43.75,-81.72,80.01,8.43
339,kamaishi,40,JP,1598326189,58,39.27,141.88,86.0,9.17
340,ossora,99,RU,1598326189,57,59.24,163.07,54.18,1.45
341,sanford,1,US,1598326190,88,28.8,-81.27,82.99,8.05
342,costinesti,5,RO,1598326040,82,43.95,28.63,66.2,2.24
343,chicama,9,PE,1598326190,86,-7.84,-79.15,59.04,5.64
344,calvinia,0,ZA,1598326190,57,-31.47,19.78,44.26,2.93
345,rio grande,87,BR,1598326049,92,-32.03,-52.1,57.99,4.0
346,sindor,97,RU,1598326190,95,62.86,51.89,56.52,2.06
347,prince rupert,90,CA,1598326190,87,54.32,-130.32,55.4,2.24
348,kalmunai,76,LK,1598326040,67,7.42,81.82,83.3,1.32
349,biu,100,NG,1598326190,99,10.61,12.19,63.59,5.59
350,sao joao da barra,0,BR,1598326159,77,-21.64,-41.05,64.15,12.46
351,paramonga,22,PE,1598326190,85,-10.67,-77.83,59.74,8.77
352,sarkikaraagac,0,TR,1598326190,38,38.08,31.37,59.63,2.62
353,irbeyskoye,0,RU,1598326041,67,55.64,95.45,62.46,3.74
354,bud,1,US,1598326190,88,39.45,-86.18,77.0,6.22
355,tabuk,99,PH,1598326191,60,17.42,121.44,87.8,3.2
356,souillac,75,MU,1598326152,73,-20.52,57.52,69.8,11.41
357,bengkulu,94,ID,1598326041,52,-3.8,102.27,86.0,5.28
358,sardarshahr,1,IN,1598326041,68,28.43,74.48,85.08,12.75
359,kinango,66,KE,1598326191,94,-4.14,39.32,68.31,4.74
360,pedernales,51,DO,1598326041,69,18.04,-71.74,81.91,4.65
361,samarai,100,PG,1598326176,86,-10.62,150.67,78.67,14.52
362,itarema,0,BR,1598326041,84,-2.92,-39.92,75.43,11.18
363,ciudad bolivar,32,VE,1598326041,77,8.12,-63.55,78.8,4.65
364,tambura,100,SS,1598326041,94,5.6,27.47,68.02,3.04
365,sistranda,75,NO,1598326041,87,63.73,8.83,50.0,25.28
366,ercis,20,TR,1598326191,62,39.03,43.36,53.6,4.7
367,varkkallai,20,IN,1598326191,74,8.73,76.71,86.0,8.05
368,college,75,US,1598326191,63,64.86,-147.8,62.6,5.82
369,kurchum,39,KZ,1598326192,31,48.57,83.65,77.9,24.9
370,mount isa,0,AU,1598326159,13,-20.73,139.5,82.4,14.99
371,greensburg,40,US,1598326022,78,40.3,-79.54,75.2,9.17
372,kavaratti,20,IN,1598326192,74,10.57,72.64,82.4,9.17
373,kavieng,6,PG,1598326042,67,-2.57,150.8,83.82,6.22
374,geraldton,0,AU,1598325955,68,-28.77,114.6,66.2,8.05
375,jertih,20,MY,1598326192,89,5.73,102.49,87.8,4.7
376,karonga,80,MW,1598326192,67,-9.93,33.93,68.41,4.45
377,denpasar,20,ID,1598326192,74,-8.65,115.22,84.2,11.41
378,cayenne,3,GF,1598326192,100,4.93,-52.33,75.2,7.4
379,palmer,75,US,1598326192,83,42.16,-72.33,73.99,3.36
380,arkhangelsk,40,RU,1598326192,93,64.54,40.54,57.2,4.47
381,port keats,0,AU,1598326192,21,-14.25,129.55,92.08,8.37
382,severnoye,13,RU,1598326192,88,56.35,78.36,54.77,4.97
383,barra do garcas,7,BR,1598326015,37,-15.89,-52.26,75.65,2.98
384,hovd,2,MN,1598326192,38,48.01,91.64,65.84,2.59
385,yulara,0,AU,1598326193,14,-25.24,130.99,84.2,8.05
386,aklavik,20,CA,1598326193,55,68.22,-135.01,66.2,5.82
387,saint-augustin,0,CA,1598326151,86,51.23,-58.65,54.86,4.63
388,port hawkesbury,1,CA,1598326042,93,45.62,-61.35,59.0,4.7
389,loubomo,99,CG,1598326043,89,-4.2,12.67,69.53,4.03
390,san miguel,79,SV,1598326193,93,13.48,-88.18,74.08,2.04
391,porto novo,40,BJ,1598326193,94,6.5,2.6,75.2,8.05
392,mutum,0,BR,1598326193,83,-19.8,-41.44,57.22,2.95
393,rocha,54,UY,1598326043,86,-34.48,-54.33,55.2,12.66
394,tura,44,IN,1598325907,75,25.52,90.22,83.89,4.32
395,yanam,75,IN,1598326193,83,16.73,82.22,82.4,9.17
396,vaitape,12,PF,1598326193,79,-16.52,-151.75,78.28,17.22
397,ambulu,0,ID,1598326184,57,-8.35,113.61,85.68,8.5
398,hay river,75,CA,1598326159,82,60.82,-115.8,57.2,6.93
399,palmerston,1,AU,1598326193,9,-12.49,130.98,91.4,19.46
400,esna,0,EG,1598326193,39,25.29,32.55,82.4,8.23
401,paraiso,90,CR,1598326193,100,9.84,-83.87,68.0,3.36
402,zhongshan,10,CN,1598326194,75,21.32,110.58,87.73,13.51
403,rorvik,100,NO,1598326194,84,64.86,11.24,53.85,42.26
404,saint-louis,54,SN,1598326194,73,16.33,-15.0,83.41,11.25
405,boa vista,40,BR,1598326194,74,2.82,-60.67,80.6,3.36
406,cap malheureux,40,MU,1598326194,81,-19.98,57.61,69.01,3.0
407,novobirilyussy,69,RU,1598326194,71,56.95,90.67,61.86,3.76
408,russell,90,US,1598326194,88,32.35,-85.2,77.0,8.05
409,pacifica,40,US,1598326044,77,37.61,-122.49,66.99,11.41
410,puerto ayacucho,100,VE,1598326194,90,5.66,-67.62,74.64,3.22
411,plattsburgh,75,US,1598326194,100,44.7,-73.45,71.01,3.36
412,northam,100,GB,1598326194,95,51.03,-4.22,61.0,14.0
413,lafayette,1,US,1598325906,74,30.23,-92.07,82.0,4.7
414,raglan,12,NZ,1598326195,87,-37.8,174.88,59.0,17.0
415,pambuhan,35,PH,1598326195,65,13.97,123.08,89.26,7.63
416,ruwi,98,OM,1598326044,83,23.6,58.55,84.2,5.82
417,tiksi,18,RU,1598326195,73,71.69,128.87,40.33,14.65
418,puerto escondido,90,MX,1598325969,78,15.85,-97.07,75.2,9.91
419,bontang,29,ID,1598326195,70,0.13,117.5,83.59,2.93
420,ternate,16,ID,1598326044,75,0.8,127.4,82.67,7.96
421,kisanga,16,TZ,1598326025,81,-7.44,37.7,68.79,1.36
422,vilyuysk,0,RU,1598326195,36,63.76,121.62,60.24,3.83
423,namibe,40,AO,1598326172,93,-15.2,12.15,63.81,1.19
424,santiago de cao,2,PE,1598326195,90,-7.96,-79.24,59.81,11.59
425,danilovka,0,RU,1598326195,48,50.36,44.12,61.83,6.42
426,abbeville,99,FR,1598326045,76,50.1,1.83,59.0,8.43
427,bure,95,ET,1598326195,95,10.7,37.07,54.41,0.83
428,ukiah,90,US,1598325622,39,39.15,-123.21,78.8,4.7
429,bauta,75,CU,1598326195,83,22.98,-82.55,80.6,12.75
430,atascocita,20,US,1598326045,65,30.0,-95.18,82.4,7.63
431,chapais,90,CA,1598326195,93,49.78,-74.85,60.8,2.24
432,sola,75,VU,1598326196,79,-13.88,167.55,87.8,6.93
433,oum hadjer,100,TD,1598326196,84,13.3,19.7,76.28,7.38
434,florence,67,IT,1598326196,93,43.77,11.25,69.01,2.24
435,half moon bay,90,US,1598326045,93,37.46,-122.43,70.0,10.29
436,orissaare,40,EE,1598326045,67,58.56,23.08,62.6,9.17
437,narsaq,24,GL,1598326045,81,60.92,-46.05,42.8,1.12
438,krasnovishersk,100,RU,1598326196,97,60.41,57.08,56.3,4.72
439,yerbogachen,3,RU,1598326196,46,61.28,108.01,61.77,11.3
440,zaraza,100,VE,1598326196,95,9.35,-65.32,74.39,2.17
441,vanimo,94,PG,1598326196,56,-2.67,141.3,86.92,6.82
442,beaverlodge,20,CA,1598326046,71,55.22,-119.44,55.4,8.05
443,petrolina,0,BR,1598326197,77,-9.4,-40.5,69.94,19.3
444,naze,75,JP,1598326197,75,28.37,129.48,91.4,21.92
445,pevek,100,RU,1598326197,97,69.7,170.31,38.12,4.47
446,leh,5,IN,1598326197,32,34.17,77.58,66.67,4.56
447,diffa,68,NE,1598326197,79,13.32,12.61,75.79,11.68
448,pacific grove,3,US,1598325968,96,36.62,-121.92,61.0,3.96
449,dengzhou,77,CN,1598326197,80,37.81,120.75,81.0,7.47
450,peniche,11,PT,1598326197,93,39.36,-9.38,64.99,3.0
451,benjamin constant,75,BR,1598326154,100,-4.38,-70.03,71.6,2.24
452,helong,100,CN,1598326198,59,42.54,129.0,82.92,1.01
453,luorong,76,CN,1598326198,73,24.41,109.61,86.86,5.1
454,el rodeo,100,GT,1598326198,97,14.92,-91.97,69.01,2.04
455,sambava,98,MG,1598326198,83,-14.27,50.17,70.95,9.35
456,saint anthony,90,US,1598326198,65,45.02,-93.22,80.01,4.7
457,mataram,20,ID,1598325980,52,-8.58,116.12,87.8,11.41
458,zhezkazgan,0,KZ,1598326047,71,47.8,67.71,57.2,11.18
459,montlucon,34,FR,1598326198,89,46.33,2.6,51.01,1.01
460,iqaluit,75,CA,1598326198,75,63.75,-68.51,44.6,12.75
461,te anau,67,NZ,1598326047,69,-45.42,167.72,42.24,7.09
462,shubarshi,0,KZ,1598326047,51,48.59,57.19,65.05,3.96
463,henties bay,61,NA,1598326198,90,-22.12,14.28,55.0,3.0
464,baie-comeau,90,CA,1598326136,55,49.22,-68.15,60.8,8.05
465,mokobeng,0,BW,1598326198,37,-23.0,27.67,56.93,1.66
466,itapeva,6,BR,1598326198,90,-23.98,-48.88,50.49,9.53
467,ambatofinandrahana,0,MG,1598326199,93,-20.55,46.8,50.77,2.04
468,rahuri,86,IN,1598326199,72,19.38,74.65,77.74,15.64
469,bathsheba,40,BB,1598326183,78,13.22,-59.52,82.4,12.75
470,dhidhdhoo,82,MV,1598326199,73,6.88,73.1,82.87,11.59
471,huancavelica,99,PE,1598326199,81,-12.77,-74.98,41.49,5.7
472,pochutla,5,MX,1598326199,69,15.74,-96.47,73.4,4.7
473,sao filipe,25,CV,1598326199,82,14.9,-24.5,77.77,0.98
474,fukue,40,JP,1598326047,79,32.69,128.84,86.0,13.87
475,kaeo,11,NZ,1598326047,3,-35.1,173.78,62.01,11.99
476,beira,40,MZ,1598326048,93,-19.84,34.84,66.2,5.82
477,banjar,20,ID,1598326199,74,-8.19,114.97,84.2,11.41
478,oranjemund,0,NA,1598326199,93,-28.55,16.43,49.86,1.36
479,warrington,40,GB,1598326199,93,53.39,-2.58,60.8,10.29
480,porto torres,68,IT,1598326199,82,40.84,8.4,64.4,1.12
481,brae,46,GB,1598326172,87,60.4,-1.35,51.8,8.05
482,san ramon de la nueva oran,44,AR,1598326200,62,-23.13,-64.33,62.01,0.98
483,gasa,0,PS,1598326200,38,31.5,34.47,75.99,5.46
484,marsa matruh,20,EG,1598326173,78,31.35,27.25,75.2,5.82
485,dwarka,100,IN,1598326200,80,22.24,68.97,82.22,19.86
486,inhambane,0,MZ,1598326200,86,-23.86,35.38,67.66,10.42
487,ovsyanka,33,RU,1598326200,77,55.96,92.55,62.6,2.24
488,berlevag,75,NO,1598326200,81,70.86,29.09,50.0,13.87
489,winton,1,US,1598326200,43,37.39,-120.61,87.8,10.29
490,hervey bay,0,AU,1598325997,25,-25.3,152.85,75.99,5.82
491,westport,1,US,1598326190,88,41.14,-73.36,78.8,4.7
492,kendari,38,ID,1598326200,60,-3.94,122.5,83.64,4.97
493,rush,75,IE,1598326200,100,53.52,-6.09,57.99,23.04
494,stokmarknes,75,NO,1598326048,87,68.56,14.91,46.4,4.7
495,grenfell,74,AU,1598326200,65,-33.9,148.17,48.67,8.99
496,vila franca do campo,40,PT,1598326048,94,37.72,-25.43,71.6,6.93
497,hasaki,75,JP,1598326201,69,35.73,140.83,91.0,9.17
498,sibolga,16,ID,1598326201,59,1.74,98.78,87.1,5.12
499,bom jesus,14,BR,1598326201,51,-9.07,-44.36,71.51,2.3
500,north bend,1,US,1598326201,77,43.41,-124.22,64.0,21.92
501,ghanzi,0,BW,1598326049,36,-21.57,21.78,59.72,10.0
502,kutum,99,SD,1598326201,75,14.2,24.67,71.53,5.46
503,shetpe,0,KZ,1598326201,61,44.17,52.12,67.1,4.12
504,baoqing,68,CN,1598326202,71,46.33,132.21,78.31,8.59
505,jumla,66,NP,1598326202,56,29.27,82.18,73.67,4.25
506,pleasanton,1,US,1598326202,60,37.66,-121.87,78.01,16.11
507,fort walton beach,90,US,1598326202,100,30.41,-86.62,78.8,3.36
508,kismayo,56,SO,1598325908,83,-0.36,42.55,76.78,14.79
509,amapa,71,BR,1598326203,98,1.0,-52.0,71.37,2.26
510,khadro,40,PK,1598326203,84,26.15,68.72,86.0,17.98
511,pemangkat,98,ID,1598326203,81,1.17,108.97,78.98,5.97
512,hobyo,77,SO,1598326203,75,5.35,48.53,77.22,21.97
513,manicore,13,BR,1598326049,46,-5.81,-61.3,76.55,0.83
514,coquimbo,5,CL,1598326204,80,-29.95,-71.34,52.99,3.27
515,agadez,13,NE,1598326204,37,19.75,10.25,87.66,3.98
516,kisangani,94,CD,1598326050,96,0.52,25.2,67.19,0.94
517,sheridan,1,US,1598326204,41,44.83,-106.92,79.0,4.7
518,kultuk,100,RU,1598326050,61,51.72,103.7,65.41,0.96
519,maarianhamina,29,AX,1598326204,100,60.1,19.93,51.8,3.36
520,yumen,0,CN,1598326205,12,40.28,97.2,89.78,10.11
521,tamiahua,100,MX,1598326050,81,21.27,-97.45,78.78,3.42
522,makat,0,KZ,1598326050,38,47.65,53.35,69.84,7.54
523,zhigansk,0,RU,1598326205,41,66.77,123.37,54.66,4.54
524,saint-claude,84,FR,1598326050,81,46.5,5.83,57.0,3.83
525,emerald,0,AU,1598326205,17,-23.53,148.17,77.0,5.82
526,legnica,75,PL,1598326050,76,51.21,16.16,57.2,8.05
527,negotin,15,RS,1598326050,70,44.23,22.53,67.55,3.58
528,tobetsu,75,JP,1598326050,74,43.22,141.52,78.8,18.34
529,elizabeth city,20,US,1598326206,88,36.29,-76.25,82.4,10.29
530,xai-xai,0,MZ,1598326206,73,-25.05,33.64,63.77,8.12
531,benghazi,0,LY,1598326206,74,32.12,20.07,77.88,5.99
532,ishigaki,75,JP,1598326122,84,24.34,124.16,87.8,17.22
533,atar,0,MR,1598326050,49,20.52,-13.05,84.96,13.96
534,kallithea,0,GR,1598326050,57,37.95,23.7,81.0,5.32
535,hambantota,20,LK,1598326206,74,6.12,81.12,86.0,6.93
536,evensk,55,RU,1598326206,44,61.95,159.23,52.86,7.52
537,wellington,13,NZ,1598325950,67,-41.29,174.78,57.99,14.99
538,asau,91,RO,1598326206,99,46.43,26.4,60.01,0.09
539,keflavik,20,IS,1598326206,100,64.0,-22.56,42.8,6.93
540,myski,100,RU,1598326206,69,53.71,87.8,63.37,1.63
541,yazoo city,40,US,1598326051,88,32.86,-90.41,80.6,5.75
542,erenhot,0,CN,1598326207,24,43.65,111.98,79.92,10.09
543,iskateley,100,RU,1598326207,85,67.68,53.15,58.24,3.29
